{
  "employees": [
    {
      "id": 1,
      "name": "Lokesh",
      "status": "Active"
    },
    {
      "id": 2,
      "name": "Andy",
      "status": "Inactive"
    },
    {
      "id": 3,
      "name": "Brian",
      "status": "Active"
    },
    {
      "id": 4,
      "name": "Charles",
      "status": "Inactive"
    },
    {
      "id": 5,
      "name": "Lokesh",
      "status": "Active"
    },
    {
      "id": 8,
      "name": "Lokesh",
      "status": "Active"
    },
    {
      "id": 9,
      "name": "Lokesh",
      "status": "Active"
    },
    {
      "id": 19,
      "name": "Lokesh",
      "status": "Active"
    },
    {
      "id": 18,
      "name": "Lokesh",
      "status": "Active"
    },
    {
      "id": 190,
      "name": "Lokesh",
      "status": "Active"
    },
    {
      "id": 180,
      "name": "Lokesh",
      "status": "Active"
    },
    {
      "id": "1900",
      "name": "test name",
      "status": "active"
    },
    {
      "id": "tic5EuJ"
    },
    {
      "id": "lHpVj5O"
    },
    {
      "id": "wULJO_L"
    },
    {
      "id": "Sft9IYX"
    },
    {
      "id": "pltNBl6"
    },
    {
      "id": "HJiEnlm"
    },
    {
      "id": "qtg0QSh"
    },
    {
      "id": "MNa78BD"
    }
  ]
}